Date,Open,High,Low,Close,Volume,Dividends,Stock Splits
2024-01-01 00:00:00+05:30,177.1999969482422,182.9499969482422,176.0,176.5,117885,0.0,0.0
2024-01-02 00:00:00+05:30,176.5,177.6999969482422,168.5,171.0,321759,0.0,0.0
2024-01-03 00:00:00+05:30,171.14999389648438,180.8000030517578,169.5,179.25,261772,0.0,0.0
2024-01-04 00:00:00+05:30,180.0,183.1999969482422,174.85000610351562,175.6999969482422,149833,0.0,0.0
2024-01-05 00:00:00+05:30,175.0,178.64999389648438,173.5,175.25,92831,0.0,0.0
2024-01-08 00:00:00+05:30,178.0,181.5,172.0,174.9499969482422,153741,0.0,0.0
2024-01-09 00:00:00+05:30,177.0500030517578,179.9499969482422,172.35000610351562,175.1999969482422,158254,0.0,0.0
2024-01-10 00:00:00+05:30,175.1999969482422,176.9499969482422,173.4499969482422,175.0500030517578,68214,0.0,0.0
2024-01-11 00:00:00+05:30,178.0,179.3000030517578,175.10000610351562,177.75,114645,0.0,0.0
2024-01-12 00:00:00+05:30,179.89999389648438,181.8500061035156,177.0,178.14999389648438,144150,0.0,0.0
2024-01-15 00:00:00+05:30,181.6499938964844,183.0,175.25,176.64999389648438,136183,0.0,0.0
2024-01-16 00:00:00+05:30,178.0,180.0,163.85000610351562,165.5500030517578,313902,0.0,0.0
2024-01-17 00:00:00+05:30,165.0,174.4499969482422,162.60000610351562,169.6999969482422,232724,0.0,0.0
2024-01-18 00:00:00+05:30,170.89999389648438,171.89999389648438,164.3000030517578,169.35000610351562,101110,0.0,0.0
2024-01-19 00:00:00+05:30,171.89999389648438,172.4499969482422,167.3000030517578,170.85000610351562,97557,0.0,0.0
2024-01-23 00:00:00+05:30,173.5,173.5,165.25,167.14999389648438,74224,0.0,0.0
2024-01-24 00:00:00+05:30,166.75,169.75,164.35000610351562,166.89999389648438,63791,0.0,0.0
2024-01-25 00:00:00+05:30,169.0,177.6999969482422,166.0500030517578,175.60000610351562,242415,0.0,0.0
2024-01-29 00:00:00+05:30,176.0,177.5,168.1999969482422,169.1999969482422,176463,0.0,0.0
2024-01-30 00:00:00+05:30,170.8000030517578,173.0,165.10000610351562,169.9499969482422,221082,0.0,0.0
2024-01-31 00:00:00+05:30,169.9499969482422,171.10000610351562,168.0,169.0,67880,0.0,0.0
2024-02-01 00:00:00+05:30,169.0,169.85000610351562,165.1999969482422,166.0500030517578,81182,0.0,0.0
2024-02-02 00:00:00+05:30,168.5500030517578,168.60000610351562,163.0,163.5,115707,0.0,0.0
2024-02-05 00:00:00+05:30,165.9499969482422,165.9499969482422,156.5,157.60000610351562,118150,0.0,0.0
2024-02-06 00:00:00+05:30,159.9499969482422,159.9499969482422,151.85000610351562,155.25,170963,0.0,0.0
2024-02-07 00:00:00+05:30,155.25,165.0,155.25,160.89999389648438,149969,0.0,0.0
2024-02-08 00:00:00+05:30,167.89999389648438,167.89999389648438,157.60000610351562,160.0,118843,0.0,0.0
2024-02-09 00:00:00+05:30,160.0,167.6999969482422,155.5500030517578,156.35000610351562,114815,0.0,0.0
2024-02-12 00:00:00+05:30,156.3000030517578,158.9499969482422,148.89999389648438,149.64999389648438,111333,0.0,0.0
2024-02-13 00:00:00+05:30,150.0,152.0,144.5,149.14999389648438,75329,0.0,0.0
2024-02-14 00:00:00+05:30,145.0500030517578,156.0500030517578,145.0500030517578,155.3000030517578,65001,0.0,0.0
2024-02-15 00:00:00+05:30,155.3000030517578,156.9499969482422,152.10000610351562,153.9499969482422,70534,0.0,0.0
2024-02-16 00:00:00+05:30,156.10000610351562,158.25,152.5500030517578,154.39999389648438,146446,0.0,0.0
2024-02-19 00:00:00+05:30,156.0,157.39999389648438,152.0,154.9499969482422,46243,0.0,0.0
2024-02-20 00:00:00+05:30,156.0,159.1999969482422,154.0500030517578,158.10000610351562,56875,0.0,0.0
2024-02-21 00:00:00+05:30,156.10000610351562,159.0,152.0,153.64999389648438,65019,0.0,0.0
2024-02-22 00:00:00+05:30,154.0,156.14999389648438,145.0,149.3000030517578,150010,0.0,0.0
2024-02-23 00:00:00+05:30,149.6999969482422,157.6999969482422,149.6999969482422,155.10000610351562,139591,0.0,0.0
2024-02-26 00:00:00+05:30,156.14999389648438,156.1999969482422,147.89999389648438,149.64999389648438,131051,0.0,0.0
2024-02-27 00:00:00+05:30,150.5,151.9499969482422,147.6999969482422,149.14999389648438,58863,0.0,0.0
2024-02-28 00:00:00+05:30,149.14999389648438,150.6999969482422,143.5,145.35000610351562,71053,0.0,0.0
2024-02-29 00:00:00+05:30,144.39999389648438,151.0,143.0,149.5,97538,0.0,0.0
2024-03-01 00:00:00+05:30,149.89999389648438,150.5500030517578,146.0500030517578,149.14999389648438,51899,0.0,0.0
2024-03-04 00:00:00+05:30,147.5500030517578,149.89999389648438,143.39999389648438,144.39999389648438,68411,0.0,0.0
2024-03-05 00:00:00+05:30,146.5500030517578,146.60000610351562,143.35000610351562,145.25,51432,0.0,0.0
2024-03-06 00:00:00+05:30,145.25,174.3000030517578,144.10000610351562,157.4499969482422,3078390,0.0,0.0
2024-03-07 00:00:00+05:30,155.5500030517578,155.75,147.0,148.6999969482422,329960,0.0,0.0
2024-03-11 00:00:00+05:30,149.0500030517578,150.0,143.10000610351562,144.6999969482422,137485,0.0,0.0
2024-03-12 00:00:00+05:30,146.8000030517578,146.8000030517578,141.64999389648438,144.60000610351562,141801,0.0,0.0
2024-03-13 00:00:00+05:30,143.0,144.9499969482422,132.0,137.10000610351562,216352,0.0,0.0
2024-03-14 00:00:00+05:30,137.10000610351562,151.14999389648438,135.35000610351562,148.39999389648438,185966,0.0,0.0
2024-03-18 00:00:00+05:30,152.0,159.0,150.25,150.6999969482422,166659,0.0,0.0
2024-03-19 00:00:00+05:30,148.4499969482422,149.5500030517578,143.60000610351562,144.60000610351562,68165,0.0,0.0
2024-03-20 00:00:00+05:30,146.6999969482422,149.8000030517578,144.0,145.8000030517578,52701,0.0,0.0
2024-03-21 00:00:00+05:30,145.8000030517578,149.89999389648438,144.10000610351562,144.6999969482422,50222,0.0,0.0
2024-03-22 00:00:00+05:30,144.6999969482422,150.0,144.1999969482422,145.0500030517578,132503,0.0,0.0
2024-03-26 00:00:00+05:30,145.0,150.0,142.0500030517578,143.0,119407,0.0,0.0
2024-03-27 00:00:00+05:30,145.4499969482422,146.5,139.85000610351562,143.0,83203,0.0,0.0
2024-03-28 00:00:00+05:30,144.5,148.25,138.6999969482422,143.6999969482422,69677,0.0,0.0
2024-04-01 00:00:00+05:30,144.0,149.89999389648438,134.8000030517578,144.39999389648438,99088,0.0,0.0
2024-04-02 00:00:00+05:30,150.0,161.6999969482422,150.0,152.64999389648438,551143,0.0,0.0
2024-04-03 00:00:00+05:30,152.8000030517578,155.8000030517578,152.5500030517578,154.9499969482422,78590,0.0,0.0
2024-04-04 00:00:00+05:30,156.9499969482422,158.10000610351562,152.9499969482422,154.1999969482422,62334,0.0,0.0
2024-04-05 00:00:00+05:30,153.0,154.1999969482422,152.35000610351562,153.5,33434,0.0,0.0
2024-04-08 00:00:00+05:30,154.0,154.60000610351562,152.35000610351562,153.39999389648438,43211,0.0,0.0
2024-04-09 00:00:00+05:30,154.5500030517578,158.4499969482422,152.10000610351562,153.4499969482422,53348,0.0,0.0
2024-04-10 00:00:00+05:30,153.9499969482422,161.0,153.9499969482422,155.35000610351562,229652,0.0,0.0
2024-04-12 00:00:00+05:30,155.0,156.1999969482422,152.0500030517578,153.5500030517578,59457,0.0,0.0
2024-04-15 00:00:00+05:30,132.5500030517578,159.64999389648438,132.5500030517578,152.75,261664,0.0,0.0
2024-04-16 00:00:00+05:30,149.6003733220345,152.73259369528483,146.3190061002282,150.29641723632812,121161,0.0,0.0
2024-04-18 00:00:00+05:30,149.401514432364,160.88629278598157,149.20264689859204,151.0421905517578,186251,0.0,0.0
2024-04-19 00:00:00+05:30,149.05347570826365,152.9811813288166,147.11449082106796,149.898681640625,69517,0.0,0.0
2024-04-22 00:00:00+05:30,152.13598120077748,154.87045145111824,151.14162838247174,153.8760986328125,54991,0.0,0.0
2024-04-23 00:00:00+05:30,155.41735188575447,157.85351330859137,149.10320528436273,150.84332275390625,158665,0.0,0.0
2024-04-24 00:00:00+05:30,151.14162911034802,165.46030369385932,151.14162911034802,159.6930694580078,398682,0.0,0.0
2024-04-25 00:00:00+05:30,160.0908069561413,162.52696837529768,155.51677783120348,156.0636749267578,106885,0.0,0.0
2024-04-26 00:00:00+05:30,161.03543226680742,167.0512697167253,157.85350635434608,161.93035888671875,211163,0.0,0.0
2024-04-29 00:00:00+05:30,163.22300434033676,176.00044375547404,161.58232830657926,171.6750030517578,753752,0.0,0.0
2024-04-30 00:00:00+05:30,173.01738409183952,175.50326604718205,168.54279657222298,170.78009033203125,302999,0.0,0.0
2024-05-02 00:00:00+05:30,172.02304316060054,174.01174886187914,167.051278907404,168.29421997070312,102490,0.0,0.0
2024-05-03 00:00:00+05:30,171.4761472979588,172.17219126391444,168.0456329729754,169.1891326904297,70886,0.0,0.0
2024-05-06 00:00:00+05:30,171.92360125569576,175.00610115185034,163.22301384047591,173.31570434570312,204391,0.0,0.0
2024-05-07 00:00:00+05:30,173.017382598028,173.017382598028,166.05691318316482,169.78573608398438,106133,0.0,0.0
2024-05-08 00:00:00+05:30,165.11228515504624,170.0343284709986,165.11228515504624,167.44900512695312,99458,0.0,0.0
2024-05-09 00:00:00+05:30,169.03997301364808,170.3823553389807,159.14616586296137,160.43882751464844,120443,0.0,0.0
2024-05-10 00:00:00+05:30,160.8365641123231,165.26143100237314,158.15181460834145,161.53260803222656,69859,0.0,0.0
2024-05-13 00:00:00+05:30,161.13487361544853,162.72582898536942,156.8591535584132,161.93035888671875,83041,0.0,0.0
2024-05-14 00:00:00+05:30,162.52697118769763,177.8897197697739,162.52697118769763,174.31005859375,550687,0.0,0.0
2024-05-15 00:00:00+05:30,176.89536521440573,186.39143792715905,176.89536521440573,183.9552764892578,911903,0.0,0.0
2024-05-16 00:00:00+05:30,186.3417064131929,190.5677057624433,181.56882516860568,187.0377655029297,693986,0.0,0.0
2024-05-17 00:00:00+05:30,188.1812721024766,193.6999333149068,182.76205224157923,186.59030151367188,741405,0.0,0.0
2024-05-21 00:00:00+05:30,188.92703660660607,190.91574225509663,179.9778611883984,181.17108154296875,315192,0.0,0.0
2024-05-22 00:00:00+05:30,180.9722176894408,182.91120270158933,176.94508563490447,178.33718872070312,156142,0.0,0.0
2024-05-23 00:00:00+05:30,179.97785306944442,181.8671172812361,175.00608917249846,175.6027069091797,99783,0.0,0.0
2024-05-24 00:00:00+05:30,176.49762898849374,180.8230699088092,171.52586479163477,172.32135009765625,180249,0.0,0.0
2024-05-27 00:00:00+05:30,174.21060933625597,174.2603300112967,167.6975953940345,168.8411102294922,105910,0.0,0.0
2024-05-28 00:00:00+05:30,170.18348634085865,170.9789716653502,163.073869443323,164.26708984375,149929,0.0,0.0
2024-05-29 00:00:00+05:30,165.5597373366311,171.57557467077427,163.81961997723707,170.1834716796875,119203,0.0,0.0
2024-05-30 00:00:00+05:30,170.978957650361,184.6015877148945,169.63659049964593,175.80157470703125,535878,0.0,0.0
2024-05-31 00:00:00+05:30,177.14394563239262,178.0388722578914,170.63094691646398,173.16653442382812,137614,0.0,0.0
2024-06-03 00:00:00+05:30,177.98915488202493,182.0162868398573,174.01174359974505,175.3541259765625,223671,0.0,0.0
2024-06-04 00:00:00+05:30,175.7021465190855,175.7021465190855,150.99248716534484,157.9529571533203,270455,0.0,0.0
2024-06-05 00:00:00+05:30,160.58798604299463,169.7360292722201,157.1077510513508,168.79139709472656,139071,0.0,0.0
2024-06-06 00:00:00+05:30,171.47613625465178,175.60270945245418,169.03997494438892,172.17218017578125,92781,0.0,0.0
2024-06-07 00:00:00+05:30,174.7575148668981,175.6027208656013,171.028691647832,174.70779418945312,77482,0.0,0.0
2024-06-10 00:00:00+05:30,177.34282868298567,183.9552687613036,174.7077846485087,180.71368408203125,209797,0.0,0.0
2024-06-11 00:00:00+05:30,182.8614809029131,185.0987747891932,177.98915806406228,179.76904296875,155858,0.0,0.0
2024-06-12 00:00:00+05:30,182.4637483842267,183.4183337983206,177.98916054919118,179.33154296875,77316,0.0,0.0
2024-06-13 00:00:00+05:30,180.8727774112457,181.0119862033912,176.54735161575647,180.1966247558593,94891,0.0,0.0
2024-06-14 00:00:00+05:30,182.96091201094728,201.85361488164293,182.56317696692776,188.46961975097656,2368914,0.0,0.0
2024-06-18 00:00:00+05:30,190.36884598893832,191.6615077005608,186.3516672376005,189.21539306640625,464546,0.0,0.0
2024-06-19 00:00:00+05:30,190.856086596014,191.8504394363203,181.08159635508844,184.3231811523437,237384,0.0,0.0
2024-06-20 00:00:00+05:30,186.3218298275055,189.62307318605127,184.45244173527368,186.7394561767578,184339,0.0,0.0
2024-06-21 00:00:00+05:30,185.9439761118619,217.41523658794995,182.46374126484844,212.56280517578125,2900104,0.0,0.0
2024-06-24 00:00:00+05:30,214.7802019752159,223.71943899179035,209.85815871447443,219.12551879882807,2244437,0.0,0.0
2024-06-25 00:00:00+05:30,219.30452450788164,221.4523303092854,208.8140988864434,209.71896362304688,632113,0.0,0.0
2024-06-26 00:00:00+05:30,209.65929396247444,222.43671833972093,205.84096767903893,221.11422729492188,855791,0.0,0.0
2024-06-27 00:00:00+05:30,221.1142375368036,233.61326009540883,213.89524133610468,221.88983154296875,1087173,0.0,0.0
2024-06-28 00:00:00+05:30,223.6398895962033,227.2096124701704,217.12687578846447,219.5232696533203,287437,0.0,0.0
2024-07-01 00:00:00+05:30,220.547463565276,224.713804404184,217.5644050369069,219.16531372070312,244501,0.0,0.0
2024-07-02 00:00:00+05:30,220.56734865051413,220.56734865051413,211.5584994038861,214.8895874023437,247536,0.0,0.0
2024-07-03 00:00:00+05:30,216.5700519075272,230.1926828011948,215.93366669588875,226.5135803222656,596866,0.0,0.0
2024-07-04 00:00:00+05:30,228.70115449653576,230.27223381335685,218.80734671697056,226.14566040039065,348402,0.0,0.0
2024-07-05 00:00:00+05:30,225.71809679335925,227.4781055849716,220.75627061315924,223.4509735107422,201028,0.0,0.0
2024-07-08 00:00:00+05:30,228.69121744167373,228.69121744167373,220.1497149286823,222.4864501953125,223960,0.0,0.0
2024-07-09 00:00:00+05:30,223.71944396376765,234.66726292894523,223.71944396376765,227.7266845703125,496554,0.0,0.0
2024-07-10 00:00:00+05:30,229.14859777266605,233.6729060086337,211.21048008948776,218.7576141357422,420616,0.0,0.0
2024-07-11 00:00:00+05:30,222.0389910973052,227.64714047998427,219.5332177046893,220.1000061035156,257810,0.0,0.0
2024-07-12 00:00:00+05:30,221.6999969482422,223.9100036621093,215.6999969482422,218.3600006103516,181272,1.25,0.0
2024-07-15 00:00:00+05:30,218.5,220.259994506836,214.0,216.6000061035156,103011,0.0,0.0
2024-07-16 00:00:00+05:30,217.6000061035156,221.75,214.1000061035156,215.52999877929688,50979,0.0,0.0
2024-07-18 00:00:00+05:30,217.0,219.97000122070312,205.47999572753903,209.0500030517578,143793,0.0,0.0
2024-07-19 00:00:00+05:30,209.0,233.6999969482422,201.4199981689453,216.2700042724609,842074,0.0,0.0
2024-07-22 00:00:00+05:30,216.38999938964844,220.72000122070312,210.0,210.69000244140625,192282,0.0,0.0
2024-07-23 00:00:00+05:30,212.8500061035156,231.13999938964844,211.0,218.7700042724609,1686171,0.0,0.0
2024-07-24 00:00:00+05:30,219.6499938964844,229.5,219.6499938964844,222.6699981689453,263738,0.0,0.0
2024-07-25 00:00:00+05:30,221.8000030517578,224.7100067138672,216.32000732421875,218.3999938964844,161438,0.0,0.0
2024-07-26 00:00:00+05:30,219.3500061035156,262.0799865722656,219.25,257.57000732421875,4490969,0.0,0.0
2024-07-29 00:00:00+05:30,263.010009765625,294.79998779296875,256.1000061035156,277.8999938964844,6258523,0.0,0.0
2024-07-30 00:00:00+05:30,279.25,285.5,273.1400146484375,277.42999267578125,864584,0.0,0.0
2024-07-31 00:00:00+05:30,280.0,281.79998779296875,265.2300109863281,272.0199890136719,577411,0.0,0.0
2024-08-01 00:00:00+05:30,273.5,274.5,264.0,265.04998779296875,296358,0.0,0.0
2024-08-02 00:00:00+05:30,262.0,292.79998779296875,255.75,287.75,1741393,0.0,0.0
2024-08-05 00:00:00+05:30,280.04998779296875,302.70001220703125,272.0,275.95001220703125,1198802,0.0,0.0
2024-08-06 00:00:00+05:30,279.04998779296875,289.45001220703125,258.54998779296875,264.29998779296875,531295,0.0,0.0
2024-08-07 00:00:00+05:30,269.0,299.70001220703125,266.0,295.1499938964844,971048,0.0,0.0
2024-08-08 00:00:00+05:30,300.0,316.6000061035156,293.8999938964844,301.1000061035156,1469048,0.0,0.0
2024-08-09 00:00:00+05:30,304.8999938964844,331.5,301.54998779296875,326.8999938964844,1905999,0.0,0.0
2024-08-12 00:00:00+05:30,324.95001220703125,324.95001220703125,312.1000061035156,314.45001220703125,524710,0.0,0.0
2024-08-13 00:00:00+05:30,316.6000061035156,324.8500061035156,293.6000061035156,295.8999938964844,563367,0.0,0.0
2024-08-14 00:00:00+05:30,303.0,303.0,285.04998779296875,293.20001220703125,302092,0.0,0.0
2024-08-16 00:00:00+05:30,295.25,302.0,290.79998779296875,296.5,276858,0.0,0.0
2024-08-19 00:00:00+05:30,299.6000061035156,340.0,297.70001220703125,330.0,1120354,0.0,0.0
2024-08-20 00:00:00+05:30,333.0,339.0,321.25,323.75,545313,0.0,0.0
2024-08-21 00:00:00+05:30,324.70001220703125,333.0,310.0,326.6000061035156,355771,0.0,0.0
2024-08-22 00:00:00+05:30,327.95001220703125,348.0,327.6499938964844,335.29998779296875,481768,0.0,0.0
2024-08-23 00:00:00+05:30,337.0,342.0,323.8999938964844,339.0,369586,0.0,0.0
2024-08-26 00:00:00+05:30,338.8999938964844,339.95001220703125,320.3500061035156,322.1000061035156,320543,0.0,0.0
2024-08-27 00:00:00+05:30,324.0,335.1000061035156,322.1000061035156,330.1499938964844,229777,0.0,0.0
2024-08-28 00:00:00+05:30,332.29998779296875,332.70001220703125,321.54998779296875,324.0,113578,0.0,0.0
2024-08-29 00:00:00+05:30,325.25,330.5,312.0,315.75,225623,0.0,0.0
2024-08-30 00:00:00+05:30,317.6000061035156,326.95001220703125,310.45001220703125,316.5,218698,0.0,0.0
2024-09-02 00:00:00+05:30,318.79998779296875,323.79998779296875,316.0,318.5,151582,0.0,0.0
2024-09-03 00:00:00+05:30,317.04998779296875,322.70001220703125,311.1000061035156,315.20001220703125,119520,0.0,0.0
2024-09-04 00:00:00+05:30,314.5,340.0,311.0,327.20001220703125,755362,0.0,0.0
2024-09-05 00:00:00+05:30,329.3999938964844,333.04998779296875,321.0,321.95001220703125,183630,0.0,0.0
2024-09-06 00:00:00+05:30,323.5,324.8999938964844,315.8500061035156,317.8500061035156,190856,0.0,0.0
2024-09-09 00:00:00+05:30,315.45001220703125,320.8999938964844,307.20001220703125,314.95001220703125,193859,0.0,0.0
2024-09-10 00:00:00+05:30,315.0,320.25,311.5,312.5,131088,0.0,0.0
2024-09-11 00:00:00+05:30,311.5,315.25,305.3500061035156,307.45001220703125,135469,0.0,0.0
2024-09-12 00:00:00+05:30,310.20001220703125,312.95001220703125,303.0,304.3500061035156,162769,0.0,0.0
2024-09-13 00:00:00+05:30,304.8999938964844,314.79998779296875,304.8999938964844,308.6000061035156,204174,0.0,0.0
2024-09-16 00:00:00+05:30,310.1000061035156,311.45001220703125,301.0,302.70001220703125,152739,0.0,0.0
2024-09-17 00:00:00+05:30,302.70001220703125,302.70001220703125,294.70001220703125,295.3999938964844,127357,0.0,0.0
2024-09-18 00:00:00+05:30,295.70001220703125,307.20001220703125,290.20001220703125,291.5,209029,0.0,0.0
2024-09-19 00:00:00+05:30,296.0,307.0,285.3999938964844,304.04998779296875,246937,0.0,0.0
2024-09-20 00:00:00+05:30,306.25,314.0,300.0,301.6499938964844,289918,0.0,0.0
2024-09-23 00:00:00+05:30,304.54998779296875,307.45001220703125,298.04998779296875,299.04998779296875,101611,0.0,0.0
2024-09-24 00:00:00+05:30,301.0,310.0,300.0,300.70001220703125,188515,0.0,0.0
2024-09-25 00:00:00+05:30,302.0,316.20001220703125,301.29998779296875,310.54998779296875,291221,0.0,0.0
2024-09-26 00:00:00+05:30,311.1499938964844,313.79998779296875,301.5,302.79998779296875,133716,0.0,0.0
2024-09-27 00:00:00+05:30,304.6000061035156,306.95001220703125,295.0,296.6499938964844,129749,0.0,0.0
2024-09-30 00:00:00+05:30,295.8999938964844,303.95001220703125,291.70001220703125,299.75,117170,0.0,0.0
2024-10-01 00:00:00+05:30,299.75,305.04998779296875,292.20001220703125,293.25,114961,0.0,0.0
2024-10-03 00:00:00+05:30,290.0,298.70001220703125,283.0,284.75,182664,0.0,0.0
2024-10-04 00:00:00+05:30,285.0,288.25,266.75,276.6499938964844,272012,0.0,0.0
2024-10-07 00:00:00+05:30,277.25,282.5,258.0,265.45001220703125,227778,0.0,0.0
2024-10-08 00:00:00+05:30,265.0,278.25,257.6000061035156,270.79998779296875,255259,0.0,0.0
2024-10-09 00:00:00+05:30,276.0,284.29998779296875,270.0,274.1000061035156,46316,0.0,0.0
2024-10-10 00:00:00+05:30,278.6000061035156,279.29998779296875,265.45001220703125,269.04998779296875,38454,0.0,0.0
2024-10-11 00:00:00+05:30,269.04998779296875,275.1499938964844,261.04998779296875,265.0,37552,0.0,0.0
2024-10-14 00:00:00+05:30,275.0,275.0,261.75,266.5,66008,0.0,0.0
2024-10-15 00:00:00+05:30,267.3999938964844,270.70001220703125,260.0,264.79998779296875,54722,0.0,0.0
2024-10-16 00:00:00+05:30,278.0,278.0,278.0,278.0,24756,0.0,0.0
2024-10-17 00:00:00+05:30,291.8999938964844,291.8999938964844,291.8999938964844,291.8999938964844,22450,0.0,0.0
2024-10-18 00:00:00+05:30,306.45001220703125,306.45001220703125,291.0,306.45001220703125,276565,0.0,0.0
2024-10-21 00:00:00+05:30,308.5,321.0,293.0,312.75,189350,0.0,0.0
2024-10-22 00:00:00+05:30,306.5,306.5,306.5,306.5,7223,0.0,0.0
2024-10-23 00:00:00+05:30,300.3999938964844,300.3999938964844,300.3999938964844,300.3999938964844,5592,0.0,0.0
2024-10-24 00:00:00+05:30,294.3999938964844,294.3999938964844,294.3999938964844,294.3999938964844,4256,0.0,0.0
2024-10-25 00:00:00+05:30,288.54998779296875,288.54998779296875,288.54998779296875,288.54998779296875,7911,0.0,0.0
2024-10-28 00:00:00+05:30,282.79998779296875,282.79998779296875,282.79998779296875,282.79998779296875,52762,0.0,0.0
2024-10-29 00:00:00+05:30,277.1499938964844,277.1499938964844,277.1499938964844,277.1499938964844,25798,0.0,0.0
2024-10-30 00:00:00+05:30,271.6000061035156,271.6000061035156,271.6000061035156,271.6000061035156,21682,0.0,0.0
2024-10-31 00:00:00+05:30,266.20001220703125,267.1000061035156,266.20001220703125,266.20001220703125,122990,0.0,0.0
2024-11-01 00:00:00+05:30,263.1000061035156,263.1000061035156,263.1000061035156,263.1000061035156,12172,0.0,0.0
2024-11-04 00:00:00+05:30,257.8500061035156,257.8500061035156,257.8500061035156,257.8500061035156,27467,0.0,0.0
2024-11-05 00:00:00+05:30,252.6999969482422,253.0,252.6999969482422,252.6999969482422,64776,0.0,0.0
2024-11-06 00:00:00+05:30,247.6499938964844,247.6499938964844,247.6499938964844,247.6499938964844,42294,0.0,0.0
2024-11-07 00:00:00+05:30,242.6999969482422,242.6999969482422,242.6999969482422,242.6999969482422,28220,0.0,0.0
2024-11-08 00:00:00+05:30,247.5500030517578,247.5500030517578,247.5500030517578,247.5500030517578,56363,0.0,0.0
2024-11-11 00:00:00+05:30,242.6000061035156,252.5,242.6000061035156,242.6000061035156,41579,0.0,0.0
2024-11-12 00:00:00+05:30,237.75,237.75,237.75,237.75,13842,0.0,0.0
2024-11-13 00:00:00+05:30,233.0,233.0,233.0,233.0,12906,0.0,0.0
2024-11-14 00:00:00+05:30,228.3500061035156,228.3500061035156,228.3500061035156,228.3500061035156,15271,0.0,0.0
2024-11-18 00:00:00+05:30,223.8000030517578,223.8000030517578,223.8000030517578,223.8000030517578,11967,0.0,0.0
2024-11-19 00:00:00+05:30,223.8000030517578,223.8000030517578,219.3500061035156,223.8000030517578,86449,0.0,0.0
2024-11-21 00:00:00+05:30,219.3500061035156,219.3500061035156,219.3500061035156,219.3500061035156,49213,0.0,0.0
2024-11-22 00:00:00+05:30,223.5,223.6999969482422,223.0,223.5,39237,0.0,0.0
2024-11-25 00:00:00+05:30,227.9499969482422,227.9499969482422,227.9499969482422,227.9499969482422,22458,0.0,0.0
2024-11-26 00:00:00+05:30,229.8000030517578,232.5,229.8000030517578,229.8000030517578,91076,0.0,0.0
2024-11-27 00:00:00+05:30,225.1999969482422,228.0,225.1999969482422,225.1999969482422,51621,0.0,0.0
2024-11-28 00:00:00+05:30,229.0,229.6999969482422,220.6999969482422,229.0,96397,0.0,0.0
2024-11-29 00:00:00+05:30,233.5500030517578,233.5500030517578,231.8999938964844,233.5500030517578,54999,0.0,0.0
2024-12-02 00:00:00+05:30,245.22000122070312,245.22000122070312,245.22000122070312,245.22000122070312,29206,0.0,0.0
2024-12-03 00:00:00+05:30,257.4800109863281,257.4800109863281,257.4800109863281,257.4800109863281,15007,0.0,0.0
2024-12-04 00:00:00+05:30,270.3500061035156,270.3500061035156,248.0,270.3500061035156,303444,0.0,0.0
2024-12-05 00:00:00+05:30,263.8999938964844,263.8999938964844,256.8299865722656,257.1600036621094,107841,0.0,0.0
2024-12-06 00:00:00+05:30,257.8500061035156,265.0,244.3000030517578,261.92999267578125,147509,0.0,0.0
2024-12-09 00:00:00+05:30,261.92999267578125,262.0,248.8300018310547,251.7700042724609,75340,0.0,0.0
2024-12-10 00:00:00+05:30,250.97999572753903,253.8500061035156,244.0,247.5399932861328,59651,0.0,0.0
2024-12-11 00:00:00+05:30,249.0,249.8999938964844,239.0,244.6499938964844,101148,0.0,0.0
2024-12-12 00:00:00+05:30,244.6999969482422,256.8800048828125,241.0,256.0199890136719,119116,0.0,0.0
2024-12-13 00:00:00+05:30,254.8500061035156,261.6000061035156,245.0,254.509994506836,71224,0.0,0.0
2024-12-16 00:00:00+05:30,254.0,254.0,245.5,246.7700042724609,47261,0.0,0.0
2024-12-17 00:00:00+05:30,248.7400054931641,254.0,242.0,244.88999938964844,63483,0.0,0.0
2024-12-18 00:00:00+05:30,247.9900054931641,248.9499969482422,236.0,244.2899932861328,65292,0.0,0.0
2024-12-19 00:00:00+05:30,243.9499969482422,246.4499969482422,235.0,240.1300048828125,57385,0.0,0.0
2024-12-20 00:00:00+05:30,238.5,242.8500061035156,235.0,237.0200042724609,40104,0.0,0.0
2024-12-23 00:00:00+05:30,238.8500061035156,242.3999938964844,227.3999938964844,229.77999877929688,73584,0.0,0.0
2024-12-24 00:00:00+05:30,229.9499969482422,235.0,227.0,228.3600006103516,43735,0.0,0.0
2024-12-26 00:00:00+05:30,230.0,237.7400054931641,225.6999969482422,227.9600067138672,79655,0.0,0.0
2024-12-27 00:00:00+05:30,231.6999969482422,231.6999969482422,226.509994506836,230.6000061035156,45860,0.0,0.0
2024-12-30 00:00:00+05:30,229.9499969482422,238.6499938964844,226.1999969482422,235.5599975585937,71919,0.0,0.0
2024-12-31 00:00:00+05:30,235.5599975585937,239.8000030517578,231.3999938964844,235.47999572753903,32375,0.0,0.0
2025-01-01 00:00:00+05:30,235.47999572753903,239.4499969482422,232.0500030517578,236.8099975585937,38786,0.0,0.0
2025-01-02 00:00:00+05:30,239.3999938964844,248.6499938964844,236.1199951171875,248.6499938964844,82081,0.0,0.0
2025-01-03 00:00:00+05:30,255.8999938964844,261.0799865722656,248.5,261.0299987792969,102182,0.0,0.0
2025-01-06 00:00:00+05:30,261.0,263.0,247.97000122070312,247.97000122070312,122720,0.0,0.0
2025-01-07 00:00:00+05:30,242.0,254.8999938964844,239.25,250.1300048828125,83202,0.0,0.0
2025-01-08 00:00:00+05:30,250.5,250.5,240.0,245.47000122070312,41548,0.0,0.0
2025-01-09 00:00:00+05:30,244.9900054931641,248.8000030517578,236.5,240.57000732421875,27429,0.0,0.0
2025-01-10 00:00:00+05:30,240.57000732421875,242.0,231.0,235.27999877929688,40503,0.0,0.0
2025-01-13 00:00:00+05:30,239.97999572753903,244.7899932861328,220.1000061035156,224.3500061035156,172734,0.0,0.0
2025-01-14 00:00:00+05:30,222.1000061035156,236.0,222.1000061035156,232.1300048828125,101660,0.0,0.0
2025-01-15 00:00:00+05:30,236.0,238.7899932861328,227.1000061035156,229.5500030517578,93085,0.0,0.0
2025-01-16 00:00:00+05:30,236.0,236.0,225.3500061035156,226.82000732421875,96636,0.0,0.0
2025-01-17 00:00:00+05:30,226.8099975585937,229.08999633789065,224.1699981689453,225.9100036621093,64017,0.0,0.0
2025-01-20 00:00:00+05:30,228.0,234.3500061035156,222.3699951171875,231.759994506836,95791,0.0,0.0
2025-01-21 00:00:00+05:30,230.0,254.9499969482422,229.6199951171875,239.27999877929688,399496,0.0,0.0
2025-01-22 00:00:00+05:30,240.0500030517578,243.5,225.0,229.25,180285,0.0,0.0
2025-01-23 00:00:00+05:30,223.1000061035156,224.8800048828125,198.509994506836,208.77999877929688,1019299,0.0,0.0
2025-01-24 00:00:00+05:30,208.77999877929688,211.0,200.0,201.5500030517578,179701,0.0,0.0
2025-01-27 00:00:00+05:30,201.5500030517578,201.5500030517578,185.5500030517578,188.88999938964844,233620,0.0,0.0
2025-01-28 00:00:00+05:30,191.6999969482422,191.6999969482422,178.1999969482422,185.3500061035156,203266,0.0,0.0
2025-01-29 00:00:00+05:30,187.0,195.0,185.9499969482422,193.69000244140625,123412,0.0,0.0
2025-01-30 00:00:00+05:30,196.6000061035156,201.5,191.0500030517578,193.3099975585937,327831,0.0,0.0
2025-01-31 00:00:00+05:30,196.1999969482422,204.9499969482422,190.5500030517578,203.7899932861328,177311,0.0,0.0
2025-02-01 00:00:00+05:30,202.9499969482422,208.0,200.0,202.3500061035156,93434,0.0,0.0
2025-02-03 00:00:00+05:30,203.97999572753903,203.97999572753903,195.5500030517578,197.5,86582,0.0,0.0
2025-02-04 00:00:00+05:30,197.5,205.0,195.0,196.759994506836,103124,0.0,0.0
2025-02-05 00:00:00+05:30,197.75,201.19000244140625,194.5,195.4100036621093,84507,0.0,0.0
2025-02-06 00:00:00+05:30,195.0,198.0,189.38999938964844,190.1600036621093,139912,0.0,0.0
2025-02-07 00:00:00+05:30,191.1499938964844,191.1499938964844,182.8999938964844,183.6600036621093,148596,0.0,0.0
2025-02-10 00:00:00+05:30,186.94000244140625,186.94000244140625,175.05999755859375,176.94000244140625,207422,0.0,0.0
2025-02-11 00:00:00+05:30,176.44000244140625,177.99000549316406,167.41000366210938,168.4199981689453,207691,0.0,0.0
2025-02-12 00:00:00+05:30,171.0,176.94000244140625,158.1999969482422,171.13999938964844,203986,0.0,0.0
2025-02-13 00:00:00+05:30,171.4499969482422,178.77999877929688,170.00999450683594,173.52999877929688,112430,0.0,0.0
2025-02-14 00:00:00+05:30,172.80999755859375,174.0399932861328,165.36000061035156,170.38999938964844,151387,0.0,0.0
2025-02-17 00:00:00+05:30,166.25,173.5800018310547,164.6199951171875,170.61000061035156,89141,0.0,0.0
2025-02-18 00:00:00+05:30,169.22999572753906,171.30999755859375,164.17999267578125,167.6699981689453,80277,0.0,0.0
2025-02-19 00:00:00+05:30,165.89999389648438,182.5,162.00999450683594,180.32000732421875,146902,0.0,0.0
2025-02-20 00:00:00+05:30,178.39999389648438,186.77999877929688,176.99000549316406,183.5,95561,0.0,0.0
2025-02-21 00:00:00+05:30,184.0,189.5800018310547,182.3600006103516,183.38999938964844,120705,0.0,0.0
2025-02-24 00:00:00+05:30,183.3999938964844,183.69000244140625,176.4199981689453,179.63999938964844,62324,0.0,0.0
2025-02-25 00:00:00+05:30,177.8000030517578,182.6000061035156,176.30999755859375,179.57000732421875,43614,0.0,0.0
2025-02-27 00:00:00+05:30,180.0,182.08999633789065,170.4600067138672,171.82000732421875,118069,0.0,0.0
2025-02-28 00:00:00+05:30,174.38999938964844,176.25,164.50999450683594,172.07000732421875,146091,0.0,0.0
2025-03-03 00:00:00+05:30,172.9499969482422,176.6300048828125,165.5,172.2899932861328,118323,0.0,0.0
2025-03-04 00:00:00+05:30,169.91000366210938,178.5,167.7100067138672,177.57000732421875,110950,0.0,0.0
2025-03-05 00:00:00+05:30,175.8000030517578,186.0,175.7899932861328,184.63999938964844,63556,0.0,0.0
2025-03-06 00:00:00+05:30,185.1000061035156,213.3999938964844,185.1000061035156,207.6199951171875,304285,0.0,0.0
2025-03-07 00:00:00+05:30,202.0,210.0,201.0,204.3300018310547,137064,0.0,0.0
2025-03-10 00:00:00+05:30,203.0,218.0,201.0,204.2700042724609,159993,0.0,0.0
2025-03-11 00:00:00+05:30,205.0,205.0,194.3000030517578,195.5500030517578,109217,0.0,0.0
2025-03-12 00:00:00+05:30,198.9900054931641,199.88999938964844,195.0,195.52999877929688,40982,0.0,0.0
2025-03-13 00:00:00+05:30,199.7700042724609,199.7700042724609,191.0,193.6600036621093,51022,0.0,0.0
2025-03-17 00:00:00+05:30,194.0,195.2700042724609,186.1000061035156,187.17999267578125,65883,0.0,0.0
2025-03-18 00:00:00+05:30,187.17999267578125,187.17999267578125,187.17999267578125,187.17999267578125,0,0.0,0.0
2025-03-19 00:00:00+05:30,199.0,214.0,198.0,201.1499938964844,147127,0.0,0.0
2025-03-20 00:00:00+05:30,202.0,204.9499969482422,200.4199981689453,201.1100006103516,75022,0.0,0.0
2025-03-21 00:00:00+05:30,202.6499938964844,205.7100067138672,201.4900054931641,204.17999267578125,68420,0.0,0.0
2025-03-24 00:00:00+05:30,208.0,212.38999938964844,202.2100067138672,204.1999969482422,145695,0.0,0.0
2025-03-25 00:00:00+05:30,206.0,207.22999572753903,200.009994506836,202.259994506836,145681,0.0,0.0
2025-03-26 00:00:00+05:30,202.259994506836,203.0,194.1000061035156,195.1600036621093,78074,0.0,0.0
2025-03-27 00:00:00+05:30,191.6000061035156,196.5,191.57000732421875,192.4199981689453,128974,0.0,0.0
2025-03-28 00:00:00+05:30,194.1000061035156,202.009994506836,188.0,191.0399932861328,115354,0.0,0.0
2025-04-01 00:00:00+05:30,191.0,211.08999633789065,189.9600067138672,206.8099975585937,164514,0.0,0.0
2025-04-02 00:00:00+05:30,207.0,209.58999633789065,201.009994506836,207.32000732421875,73293,0.0,0.0
2025-04-03 00:00:00+05:30,207.32000732421875,212.0,203.3500061035156,207.3500061035156,74816,0.0,0.0
2025-04-04 00:00:00+05:30,204.6100006103516,206.0,192.0,198.2700042724609,146828,0.0,0.0
2025-04-07 00:00:00+05:30,180.0,194.88999938964844,168.0,190.009994506836,172631,0.0,0.0
2025-04-08 00:00:00+05:30,198.0,198.9900054931641,187.9199981689453,191.1300048828125,84100,0.0,0.0
2025-04-09 00:00:00+05:30,190.8999938964844,192.08999633789065,185.1100006103516,190.32000732421875,45504,0.0,0.0
2025-04-11 00:00:00+05:30,196.6000061035156,199.7899932861328,192.1600036621093,195.1499938964844,43483,0.0,0.0
2025-04-15 00:00:00+05:30,199.1100006103516,207.02999877929688,198.0500030517578,204.63999938964844,84307,0.0,0.0
2025-04-16 00:00:00+05:30,205.1499938964844,208.5800018310547,204.0200042724609,206.2400054931641,58695,0.0,0.0
2025-04-17 00:00:00+05:30,207.8999938964844,224.4499969482422,206.2400054931641,218.3800048828125,333590,0.0,0.0
2025-04-21 00:00:00+05:30,220.3000030517578,221.9900054931641,216.75,218.6199951171875,94696,0.0,0.0
2025-04-22 00:00:00+05:30,218.0,232.6499938964844,215.2100067138672,229.07000732421875,277000,0.0,0.0
2025-04-23 00:00:00+05:30,229.8999938964844,234.6499938964844,224.3999938964844,227.47999572753903,98360,0.0,0.0
2025-04-24 00:00:00+05:30,228.0,235.6000061035156,225.0500030517578,230.8000030517578,123930,0.0,0.0
2025-04-25 00:00:00+05:30,232.0,232.0,217.3500061035156,218.759994506836,158776,0.0,0.0
2025-04-28 00:00:00+05:30,220.32000732421875,223.1999969482422,215.2100067138672,219.72000122070312,93335,0.0,0.0
2025-04-29 00:00:00+05:30,218.5,230.0,215.0,222.38999938964844,162691,0.0,0.0
2025-04-30 00:00:00+05:30,222.38999938964844,222.8999938964844,209.009994506836,210.5200042724609,113893,0.0,0.0
2025-05-02 00:00:00+05:30,212.1999969482422,217.8000030517578,207.6100006103516,208.0,48685,0.0,0.0
2025-05-05 00:00:00+05:30,210.19000244140625,221.8000030517578,207.2100067138672,217.6000061035156,96338,0.0,0.0
2025-05-06 00:00:00+05:30,217.6000061035156,222.25,210.0,212.0399932861328,103828,0.0,0.0
2025-05-07 00:00:00+05:30,207.0,218.0,207.0,215.1100006103516,98506,0.0,0.0
2025-05-08 00:00:00+05:30,217.259994506836,218.1699981689453,208.0,209.1000061035156,52999,0.0,0.0
2025-05-09 00:00:00+05:30,205.0,221.9900054931641,202.0,214.94000244140625,189941,0.0,0.0
2025-05-12 00:00:00+05:30,222.3500061035156,234.0,221.1199951171875,226.8500061035156,182533,0.0,0.0
2025-05-13 00:00:00+05:30,228.5500030517578,228.9100036621093,219.5,221.2700042724609,92233,0.0,0.0
2025-05-14 00:00:00+05:30,221.2700042724609,225.0,218.9900054931641,220.6699981689453,62521,0.0,0.0
2025-05-15 00:00:00+05:30,222.3500061035156,225.27999877929688,220.77999877929688,224.0200042724609,47699,0.0,0.0
2025-05-16 00:00:00+05:30,226.25,226.25,220.0,222.08999633789065,90955,0.0,0.0
2025-05-19 00:00:00+05:30,222.08999633789065,244.8999938964844,222.08999633789065,240.6000061035156,336076,0.0,0.0
2025-05-20 00:00:00+05:30,244.4600067138672,249.75,235.009994506836,236.13999938964844,207448,0.0,0.0
2025-05-21 00:00:00+05:30,237.8999938964844,238.1999969482422,231.32000732421875,235.3099975585937,65739,0.0,0.0
2025-05-22 00:00:00+05:30,235.6100006103516,244.97000122070312,235.6100006103516,242.25,170752,0.0,0.0
2025-05-23 00:00:00+05:30,247.9900054931641,247.9900054931641,239.9900054931641,243.1000061035156,137333,0.0,0.0
2025-05-26 00:00:00+05:30,238.4100036621093,244.58999633789065,235.22000122070312,236.759994506836,165883,0.0,0.0
2025-05-27 00:00:00+05:30,238.9900054931641,238.9900054931641,228.77999877929688,233.7400054931641,118879,0.0,0.0
2025-05-28 00:00:00+05:30,233.0,238.0,229.2700042724609,230.7100067138672,81415,0.0,0.0
2025-05-29 00:00:00+05:30,232.1499938964844,232.72999572753903,226.42999267578125,229.38999938964844,68709,0.0,0.0
2025-05-30 00:00:00+05:30,229.9499969482422,230.8500061035156,225.0,225.83999633789065,73770,0.0,0.0
2025-06-02 00:00:00+05:30,224.1999969482422,226.0200042724609,217.3500061035156,222.3500061035156,234470,0.0,0.0
2025-06-03 00:00:00+05:30,222.3500061035156,229.7400054931641,218.82000732421875,220.009994506836,223146,0.0,0.0
2025-06-04 00:00:00+05:30,221.1000061035156,221.9900054931641,215.0500030517578,217.5599975585937,122286,0.0,0.0
2025-06-05 00:00:00+05:30,219.3999938964844,233.6499938964844,219.3999938964844,229.3099975585937,426424,0.0,0.0
2025-06-06 00:00:00+05:30,229.3300018310547,232.6000061035156,223.1499938964844,227.33999633789065,167624,0.0,0.0
2025-06-09 00:00:00+05:30,229.8999938964844,234.509994506836,227.2700042724609,228.1699981689453,117867,0.0,0.0
2025-06-10 00:00:00+05:30,230.5,230.5,223.3300018310547,224.0500030517578,122553,0.0,0.0
2025-06-11 00:00:00+05:30,223.3300018310547,239.97000122070312,223.3300018310547,234.47000122070312,324681,0.0,0.0
2025-06-12 00:00:00+05:30,234.47000122070312,234.47999572753903,226.5200042724609,228.13999938964844,92405,0.0,0.0
2025-06-13 00:00:00+05:30,225.1999969482422,226.9900054931641,221.0,224.69000244140625,112205,0.0,0.0
2025-06-16 00:00:00+05:30,226.8000030517578,250.1000061035156,218.8500061035156,238.72999572753903,206939,0.0,0.0
2025-06-17 00:00:00+05:30,244.99,245.0,231.65,236.99,375161,0.0,0.0
2025-06-18 00:00:00+05:30,234.6,237.28,231.2,232.98,65322,0.0,0.0
2025-06-19 00:00:00+05:30,232.98,239.0,224.0,225.29,92236,0.0,0.0
2025-06-20 00:00:00+05:30,225.29,227.99,221.17,224.0,98100,0.0,0.0
2025-06-23 00:00:00+05:30,224.0,225.24,220.59,222.91,87153,0.0,0.0
2025-06-24 00:00:00+05:30,226.68,231.4,224.8,228.27,97583,0.0,0.0
2025-06-25 00:00:00+05:30,228.0,233.79,227.89,231.61,66339,0.0,0.0
2025-06-26 00:00:00+05:30,232.5,234.5,228.41,230.29,59192,0.0,0.0
2025-06-27 00:00:00+05:30,234.0,237.86,228.51,229.36,103324,0.0,0.0
2025-06-30 00:00:00+05:30,226.2,234.89,226.2,231.28,147501,0.0,0.0
2025-07-01 00:00:00+05:30,233.6,235.85,228.74,231.94,81262,0.0,0.0
2025-07-02 00:00:00+05:30,230.3,237.01,227.0,228.07,127756,0.0,0.0
2025-07-03 00:00:00+05:30,227.0,227.92,224.0,225.5,116453,0.0,0.0
2025-07-04 00:00:00+05:30,224.15,231.0,219.88,228.62,175606,0.0,0.0
2025-07-07 00:00:00+05:30,228.6,231.23,222.03,223.63,119324,0.0,0.0
2025-07-08 00:00:00+05:30,223.63,226.29,220.03,223.17,76075,0.0,0.0
2025-07-09 00:00:00+05:30,226.95,226.95,220.2,220.75,101018,0.0,0.0
2025-07-10 00:00:00+05:30,223.0,232.2,221.17,227.61,251129,0.0,0.0
2025-07-11 00:00:00+05:30,226.5,227.78,222.27,223.66,91872,0.0,0.0
2025-07-14 00:00:00+05:30,224.0,224.57,221.25,223.42,57629,0.0,0.0
2025-07-15 00:00:00+05:30,225.65,226.98,221.6,224.93,93691,0.0,0.0
2025-07-16 00:00:00+05:30,228.0,268.0,227.11,259.75,4013967,0.0,0.0
2025-07-17 00:00:00+05:30,259.9,259.9,251.42,255.01,517794,0.0,0.0
